"","Package","Item","Title","Rows","Cols","n_binary","n_character","n_factor","n_logical","n_numeric","CSV","Doc"
"1","openintro","absenteeism","Absenteeism from school in New South Wales",146,5,3,0,4,0,1,"https://vincentarelbundock.github.io/Rdatasets/csv/openintro/absenteeism.csv","https://vincentarelbundock.github.io/Rdatasets/doc/openintro/absenteeism.html"
"2","openintro","acs12","American Community Survey, 2012",2000,13,5,0,9,0,4,"https://vincentarelbundock.github.io/Rdatasets/csv/openintro/acs12.csv","https://vincentarelbundock.github.io/Rdatasets/doc/openintro/acs12.html"
"3","openintro","age_at_mar","Age at first marriage of 5,534 US women.",5534,1,0,0,0,0,1,"https://vincentarelbundock.github.io/Rdatasets/csv/openintro/age_at_mar.csv","https://vincentarelbundock.github.io/Rdatasets/doc/openintro/age_at_mar.html"
"4","openintro","ames","Housing prices in Ames, Iowa",2930,82,3,0,43,0,39,"https://vincentarelbundock.github.io/Rdatasets/csv/openintro/ames.csv","https://vincentarelbundock.github.io/Rdatasets/doc/openintro/ames.html"
"5","openintro","ami_occurrences","Acute Myocardial Infarction (Heart Attack) Events",365,1,0,0,0,0,1,"https://vincentarelbundock.github.io/Rdatasets/csv/openintro/ami_occurrences.csv","https://vincentarelbundock.github.io/Rdatasets/doc/openintro/ami_occurrences.html"
"6","openintro","antibiotics","Pre-existing conditions in 92 children",92,1,0,0,1,0,0,"https://vincentarelbundock.github.io/Rdatasets/csv/openintro/antibiotics.csv","https://vincentarelbundock.github.io/Rdatasets/doc/openintro/antibiotics.html"
"7","openintro","arbuthnot","Male and female births in London",82,3,0,0,0,0,3,"https://vincentarelbundock.github.io/Rdatasets/csv/openintro/arbuthnot.csv","https://vincentarelbundock.github.io/Rdatasets/doc/openintro/arbuthnot.html"
"8","openintro","ask","How important is it to ask pointed questions?",219,3,1,3,0,0,0,"https://vincentarelbundock.github.io/Rdatasets/csv/openintro/ask.csv","https://vincentarelbundock.github.io/Rdatasets/doc/openintro/ask.html"
"9","openintro","association","Simulated data for association plots",121,15,0,0,0,0,15,"https://vincentarelbundock.github.io/Rdatasets/csv/openintro/association.csv","https://vincentarelbundock.github.io/Rdatasets/doc/openintro/association.html"
"10","openintro","assortative_mating","Eye color of couples",204,2,0,0,2,0,0,"https://vincentarelbundock.github.io/Rdatasets/csv/openintro/assortative_mating.csv","https://vincentarelbundock.github.io/Rdatasets/doc/openintro/assortative_mating.html"
"11","openintro","assortive_mating","Eye color of couples",204,2,0,0,2,0,0,"https://vincentarelbundock.github.io/Rdatasets/csv/openintro/assortive_mating.csv","https://vincentarelbundock.github.io/Rdatasets/doc/openintro/assortive_mating.html"
"12","openintro","avandia","Cardiovascular problems for two types of Diabetes medicines",227571,2,2,0,2,0,0,"https://vincentarelbundock.github.io/Rdatasets/csv/openintro/avandia.csv","https://vincentarelbundock.github.io/Rdatasets/doc/openintro/avandia.html"
"13","openintro","babies","The Child Health and Development Studies",1236,8,2,0,0,0,8,"https://vincentarelbundock.github.io/Rdatasets/csv/openintro/babies.csv","https://vincentarelbundock.github.io/Rdatasets/doc/openintro/babies.html"
"14","openintro","babies_crawl","Crawling age",12,5,0,0,1,0,4,"https://vincentarelbundock.github.io/Rdatasets/csv/openintro/babies_crawl.csv","https://vincentarelbundock.github.io/Rdatasets/doc/openintro/babies_crawl.html"
"15","openintro","bac","Beer and blood alcohol content",16,3,0,0,0,0,3,"https://vincentarelbundock.github.io/Rdatasets/csv/openintro/bac.csv","https://vincentarelbundock.github.io/Rdatasets/doc/openintro/bac.html"
"16","openintro","ball_bearing","Lifespan of ball bearings",75,1,0,0,0,0,1,"https://vincentarelbundock.github.io/Rdatasets/csv/openintro/ball_bearing.csv","https://vincentarelbundock.github.io/Rdatasets/doc/openintro/ball_bearing.html"
"17","openintro","bdims","Body measurements of 507 physically active individuals.",507,25,1,0,0,0,25,"https://vincentarelbundock.github.io/Rdatasets/csv/openintro/bdims.csv","https://vincentarelbundock.github.io/Rdatasets/doc/openintro/bdims.html"
"18","openintro","biontech_adolescents","Efficacy of Pfizer-BioNTech COVID-19 vaccine on adolescents",2260,2,2,0,2,0,0,"https://vincentarelbundock.github.io/Rdatasets/csv/openintro/biontech_adolescents.csv","https://vincentarelbundock.github.io/Rdatasets/doc/openintro/biontech_adolescents.html"
"19","openintro","birds","Aircraft-Wildlife Collisions",19302,17,0,2,11,0,4,"https://vincentarelbundock.github.io/Rdatasets/csv/openintro/birds.csv","https://vincentarelbundock.github.io/Rdatasets/doc/openintro/birds.html"
"20","openintro","births","North Carolina births, 100 cases",150,9,3,0,3,0,6,"https://vincentarelbundock.github.io/Rdatasets/csv/openintro/births.csv","https://vincentarelbundock.github.io/Rdatasets/doc/openintro/births.html"
"21","openintro","births14","US births",1000,13,7,7,0,0,6,"https://vincentarelbundock.github.io/Rdatasets/csv/openintro/births14.csv","https://vincentarelbundock.github.io/Rdatasets/doc/openintro/births14.html"
"22","openintro","blizzard_salary","Blizzard Employee Voluntary Salary Info.",466,9,1,7,0,0,2,"https://vincentarelbundock.github.io/Rdatasets/csv/openintro/blizzard_salary.csv","https://vincentarelbundock.github.io/Rdatasets/doc/openintro/blizzard_salary.html"
"23","openintro","books","Sample of books on a shelf",95,2,2,0,2,0,0,"https://vincentarelbundock.github.io/Rdatasets/csv/openintro/books.csv","https://vincentarelbundock.github.io/Rdatasets/doc/openintro/books.html"
"24","openintro","burger","Burger preferences",500,2,1,0,2,0,0,"https://vincentarelbundock.github.io/Rdatasets/csv/openintro/burger.csv","https://vincentarelbundock.github.io/Rdatasets/doc/openintro/burger.html"
"25","openintro","cancer_in_dogs","Cancer in dogs",1436,2,2,0,2,0,0,"https://vincentarelbundock.github.io/Rdatasets/csv/openintro/cancer_in_dogs.csv","https://vincentarelbundock.github.io/Rdatasets/doc/openintro/cancer_in_dogs.html"
"26","openintro","cards","Deck of cards",52,4,2,0,3,1,0,"https://vincentarelbundock.github.io/Rdatasets/csv/openintro/cards.csv","https://vincentarelbundock.github.io/Rdatasets/doc/openintro/cards.html"
"27","openintro","cars93","cars93",54,6,0,0,2,0,4,"https://vincentarelbundock.github.io/Rdatasets/csv/openintro/cars93.csv","https://vincentarelbundock.github.io/Rdatasets/doc/openintro/cars93.html"
"28","openintro","cchousing","Community college housing (simulated data)",75,1,0,0,0,0,1,"https://vincentarelbundock.github.io/Rdatasets/csv/openintro/cchousing.csv","https://vincentarelbundock.github.io/Rdatasets/doc/openintro/cchousing.html"
"29","openintro","census","Random sample of 2000 U.S. Census Data",500,8,1,0,4,0,4,"https://vincentarelbundock.github.io/Rdatasets/csv/openintro/census.csv","https://vincentarelbundock.github.io/Rdatasets/doc/openintro/census.html"
"30","openintro","cherry","Summary information for 31 cherry trees",31,3,0,0,0,0,3,"https://vincentarelbundock.github.io/Rdatasets/csv/openintro/cherry.csv","https://vincentarelbundock.github.io/Rdatasets/doc/openintro/cherry.html"
"31","openintro","children_gender_stereo","Gender Stereotypes in 5-7 year old Children",1,1,0,1,0,0,0,"https://vincentarelbundock.github.io/Rdatasets/csv/openintro/children_gender_stereo.csv","https://vincentarelbundock.github.io/Rdatasets/doc/openintro/children_gender_stereo.html"
"32","openintro","china","Child care hours",9788,3,1,0,0,0,3,"https://vincentarelbundock.github.io/Rdatasets/csv/openintro/china.csv","https://vincentarelbundock.github.io/Rdatasets/doc/openintro/china.html"
"33","openintro","cia_factbook","CIA Factbook Details on Countries",259,11,0,0,1,0,10,"https://vincentarelbundock.github.io/Rdatasets/csv/openintro/cia_factbook.csv","https://vincentarelbundock.github.io/Rdatasets/doc/openintro/cia_factbook.html"
"34","openintro","classdata","Simulated class data",164,2,0,0,1,0,1,"https://vincentarelbundock.github.io/Rdatasets/csv/openintro/classdata.csv","https://vincentarelbundock.github.io/Rdatasets/doc/openintro/classdata.html"
"35","openintro","cle_sac","Cleveland and Sacramento",500,8,3,3,2,0,3,"https://vincentarelbundock.github.io/Rdatasets/csv/openintro/cle_sac.csv","https://vincentarelbundock.github.io/Rdatasets/doc/openintro/cle_sac.html"
"36","openintro","climate70","Temperature Summary Data, Geography Limited",197,7,0,0,1,0,6,"https://vincentarelbundock.github.io/Rdatasets/csv/openintro/climate70.csv","https://vincentarelbundock.github.io/Rdatasets/doc/openintro/climate70.html"
"37","openintro","climber_drugs","Climber Drugs Data.",211,6,3,4,0,0,2,"https://vincentarelbundock.github.io/Rdatasets/csv/openintro/climber_drugs.csv","https://vincentarelbundock.github.io/Rdatasets/doc/openintro/climber_drugs.html"
"38","openintro","coast_starlight","Coast Starlight Amtrak train",16,3,0,0,1,0,2,"https://vincentarelbundock.github.io/Rdatasets/csv/openintro/coast_starlight.csv","https://vincentarelbundock.github.io/Rdatasets/doc/openintro/coast_starlight.html"
"39","openintro","COL","OpenIntro Statistics colors",7,13,0,13,0,0,0,"https://vincentarelbundock.github.io/Rdatasets/csv/openintro/COL.csv","https://vincentarelbundock.github.io/Rdatasets/doc/openintro/COL.html"
"40","openintro","corr_match","Sample data sets for correlation problems",121,9,0,0,0,0,9,"https://vincentarelbundock.github.io/Rdatasets/csv/openintro/corr_match.csv","https://vincentarelbundock.github.io/Rdatasets/doc/openintro/corr_match.html"
"41","openintro","country_iso","Country ISO information",249,4,0,0,3,0,1,"https://vincentarelbundock.github.io/Rdatasets/csv/openintro/country_iso.csv","https://vincentarelbundock.github.io/Rdatasets/doc/openintro/country_iso.html"
"42","openintro","cpr","CPR data set",90,2,2,0,2,0,0,"https://vincentarelbundock.github.io/Rdatasets/csv/openintro/cpr.csv","https://vincentarelbundock.github.io/Rdatasets/doc/openintro/cpr.html"
"43","openintro","cpu","CPU's Released between 2010 and 2020.",875,12,1,4,0,0,7,"https://vincentarelbundock.github.io/Rdatasets/csv/openintro/cpu.csv","https://vincentarelbundock.github.io/Rdatasets/doc/openintro/cpu.html"
"44","openintro","credits","College credits.",100,1,0,0,0,0,1,"https://vincentarelbundock.github.io/Rdatasets/csv/openintro/credits.csv","https://vincentarelbundock.github.io/Rdatasets/doc/openintro/credits.html"
"45","openintro","daycare_fines","Daycare fines",200,7,1,1,2,0,4,"https://vincentarelbundock.github.io/Rdatasets/csv/openintro/daycare_fines.csv","https://vincentarelbundock.github.io/Rdatasets/doc/openintro/daycare_fines.html"
"46","openintro","diabetes2","Type 2 Diabetes Clinical Trial for Patients 10-17 Years Old",699,2,1,0,2,0,0,"https://vincentarelbundock.github.io/Rdatasets/csv/openintro/diabetes2.csv","https://vincentarelbundock.github.io/Rdatasets/doc/openintro/diabetes2.html"
"47","openintro","dream","Survey on views of the DREAM Act",910,2,0,0,2,0,0,"https://vincentarelbundock.github.io/Rdatasets/csv/openintro/dream.csv","https://vincentarelbundock.github.io/Rdatasets/doc/openintro/dream.html"
"48","openintro","drone_blades","Quadcopter Drone Blades",2000,2,2,0,2,0,0,"https://vincentarelbundock.github.io/Rdatasets/csv/openintro/drone_blades.csv","https://vincentarelbundock.github.io/Rdatasets/doc/openintro/drone_blades.html"
"49","openintro","drug_use","Drug use of students and parents",445,2,2,0,2,0,0,"https://vincentarelbundock.github.io/Rdatasets/csv/openintro/drug_use.csv","https://vincentarelbundock.github.io/Rdatasets/doc/openintro/drug_use.html"
"50","openintro","duke_forest","Sale prices of houses in Duke Forest, Durham, NC",98,13,1,6,1,0,6,"https://vincentarelbundock.github.io/Rdatasets/csv/openintro/duke_forest.csv","https://vincentarelbundock.github.io/Rdatasets/doc/openintro/duke_forest.html"
"51","openintro","earthquakes","Earthquakes",123,7,0,3,0,0,4,"https://vincentarelbundock.github.io/Rdatasets/csv/openintro/earthquakes.csv","https://vincentarelbundock.github.io/Rdatasets/doc/openintro/earthquakes.html"
"52","openintro","ebola_survey","Survey on Ebola quarantine",1042,1,1,0,1,0,0,"https://vincentarelbundock.github.io/Rdatasets/csv/openintro/ebola_survey.csv","https://vincentarelbundock.github.io/Rdatasets/doc/openintro/ebola_survey.html"
"53","openintro","elmhurst","Elmhurst College gift aid",50,3,0,0,0,0,3,"https://vincentarelbundock.github.io/Rdatasets/csv/openintro/elmhurst.csv","https://vincentarelbundock.github.io/Rdatasets/doc/openintro/elmhurst.html"
"54","openintro","email","Data frame representing information about a collection of emails",3921,21,10,0,9,0,11,"https://vincentarelbundock.github.io/Rdatasets/csv/openintro/email.csv","https://vincentarelbundock.github.io/Rdatasets/doc/openintro/email.html"
"55","openintro","email_test","Data frame representing information about a collection of emails",1252,21,9,0,2,0,18,"https://vincentarelbundock.github.io/Rdatasets/csv/openintro/email_test.csv","https://vincentarelbundock.github.io/Rdatasets/doc/openintro/email_test.html"
"56","openintro","email50","Sample of 50 emails",50,21,7,0,9,0,11,"https://vincentarelbundock.github.io/Rdatasets/csv/openintro/email50.csv","https://vincentarelbundock.github.io/Rdatasets/doc/openintro/email50.html"
"57","openintro","env_regulation","American Adults on Regulation and Renewable Energy",705,1,0,1,0,0,0,"https://vincentarelbundock.github.io/Rdatasets/csv/openintro/env_regulation.csv","https://vincentarelbundock.github.io/Rdatasets/doc/openintro/env_regulation.html"
"58","openintro","epa2012","Vehicle info from the EPA for 2012",1129,28,4,0,19,0,8,"https://vincentarelbundock.github.io/Rdatasets/csv/openintro/epa2012.csv","https://vincentarelbundock.github.io/Rdatasets/doc/openintro/epa2012.html"
"59","openintro","epa2021","Vehicle info from the EPA for 2021",1108,28,3,0,19,0,8,"https://vincentarelbundock.github.io/Rdatasets/csv/openintro/epa2021.csv","https://vincentarelbundock.github.io/Rdatasets/doc/openintro/epa2021.html"
"60","openintro","esi","Environmental Sustainability Index 2005",146,29,0,0,2,0,27,"https://vincentarelbundock.github.io/Rdatasets/csv/openintro/esi.csv","https://vincentarelbundock.github.io/Rdatasets/doc/openintro/esi.html"
"61","openintro","ethanol","Ethanol Treatment for Tumors Experiment",24,2,1,0,2,0,0,"https://vincentarelbundock.github.io/Rdatasets/csv/openintro/ethanol.csv","https://vincentarelbundock.github.io/Rdatasets/doc/openintro/ethanol.html"
"62","openintro","evals","Professor evaluations and beauty",463,23,8,0,9,0,14,"https://vincentarelbundock.github.io/Rdatasets/csv/openintro/evals.csv","https://vincentarelbundock.github.io/Rdatasets/doc/openintro/evals.html"
"63","openintro","exam_grades","Exam and course grades for statistics students",233,6,1,2,0,0,4,"https://vincentarelbundock.github.io/Rdatasets/csv/openintro/exam_grades.csv","https://vincentarelbundock.github.io/Rdatasets/doc/openintro/exam_grades.html"
"64","openintro","exams","Exam scores",19,1,0,0,0,0,1,"https://vincentarelbundock.github.io/Rdatasets/csv/openintro/exams.csv","https://vincentarelbundock.github.io/Rdatasets/doc/openintro/exams.html"
"65","openintro","exclusive_relationship","Number of Exclusive Relationships",218,1,0,0,0,0,1,"https://vincentarelbundock.github.io/Rdatasets/csv/openintro/exclusive_relationship.csv","https://vincentarelbundock.github.io/Rdatasets/doc/openintro/exclusive_relationship.html"
"66","openintro","fact_opinion","Can Americans categorize facts and opinions?",5035,3,1,1,0,0,2,"https://vincentarelbundock.github.io/Rdatasets/csv/openintro/fact_opinion.csv","https://vincentarelbundock.github.io/Rdatasets/doc/openintro/fact_opinion.html"
"67","openintro","family_college","Simulated sample of parent / teen college attendance",792,2,2,0,2,0,0,"https://vincentarelbundock.github.io/Rdatasets/csv/openintro/family_college.csv","https://vincentarelbundock.github.io/Rdatasets/doc/openintro/family_college.html"
"68","openintro","fastfood","Nutrition in fast food",515,17,0,3,0,0,14,"https://vincentarelbundock.github.io/Rdatasets/csv/openintro/fastfood.csv","https://vincentarelbundock.github.io/Rdatasets/doc/openintro/fastfood.html"
"69","openintro","fcid","Summary of male heights from USDA Food Commodity Intake Database",100,2,0,0,0,0,2,"https://vincentarelbundock.github.io/Rdatasets/csv/openintro/fcid.csv","https://vincentarelbundock.github.io/Rdatasets/doc/openintro/fcid.html"
"70","openintro","fheights","Female college student heights, in inches",24,1,0,0,0,0,1,"https://vincentarelbundock.github.io/Rdatasets/csv/openintro/fheights.csv","https://vincentarelbundock.github.io/Rdatasets/doc/openintro/fheights.html"
"71","openintro","fish_oil_18","Findings on n-3 Fatty Acid Supplement Health Benefits",2,48,46,0,0,0,48,"https://vincentarelbundock.github.io/Rdatasets/csv/openintro/fish_oil_18.csv","https://vincentarelbundock.github.io/Rdatasets/doc/openintro/fish_oil_18.html"
"72","openintro","flow_rates","River flow data",31,3,0,1,0,0,1,"https://vincentarelbundock.github.io/Rdatasets/csv/openintro/flow_rates.csv","https://vincentarelbundock.github.io/Rdatasets/doc/openintro/flow_rates.html"
"73","openintro","friday","Friday the 13th",61,6,0,0,3,0,3,"https://vincentarelbundock.github.io/Rdatasets/csv/openintro/friday.csv","https://vincentarelbundock.github.io/Rdatasets/doc/openintro/friday.html"
"74","openintro","full_body_scan","Poll about use of full-body airport scanners",1137,2,0,0,2,0,0,"https://vincentarelbundock.github.io/Rdatasets/csv/openintro/full_body_scan.csv","https://vincentarelbundock.github.io/Rdatasets/doc/openintro/full_body_scan.html"
"75","openintro","gdp_countries","GDP Countries Data.",654,9,0,2,0,0,7,"https://vincentarelbundock.github.io/Rdatasets/csv/openintro/gdp_countries.csv","https://vincentarelbundock.github.io/Rdatasets/doc/openintro/gdp_countries.html"
"76","openintro","gear_company","Fake data for a gear company example",2000,2,2,0,2,0,0,"https://vincentarelbundock.github.io/Rdatasets/csv/openintro/gear_company.csv","https://vincentarelbundock.github.io/Rdatasets/doc/openintro/gear_company.html"
"77","openintro","gender_discrimination","Bank manager recommendations based on gender",48,2,2,0,2,0,0,"https://vincentarelbundock.github.io/Rdatasets/csv/openintro/gender_discrimination.csv","https://vincentarelbundock.github.io/Rdatasets/doc/openintro/gender_discrimination.html"
"78","openintro","get_it_dunn_run","Get it Dunn Run, Race Times",978,10,3,7,0,0,3,"https://vincentarelbundock.github.io/Rdatasets/csv/openintro/get_it_dunn_run.csv","https://vincentarelbundock.github.io/Rdatasets/doc/openintro/get_it_dunn_run.html"
"79","openintro","gifted","Analytical skills of young gifted children",36,8,0,0,0,0,8,"https://vincentarelbundock.github.io/Rdatasets/csv/openintro/gifted.csv","https://vincentarelbundock.github.io/Rdatasets/doc/openintro/gifted.html"
"80","openintro","global_warming_pew","Pew survey on global warming",2253,2,0,0,2,0,0,"https://vincentarelbundock.github.io/Rdatasets/csv/openintro/global_warming_pew.csv","https://vincentarelbundock.github.io/Rdatasets/doc/openintro/global_warming_pew.html"
"81","openintro","goog","Google stock data",98,7,0,0,1,0,6,"https://vincentarelbundock.github.io/Rdatasets/csv/openintro/goog.csv","https://vincentarelbundock.github.io/Rdatasets/doc/openintro/goog.html"
"82","openintro","gov_poll","Pew Research poll on government approval ratings",4223,2,1,0,2,0,0,"https://vincentarelbundock.github.io/Rdatasets/csv/openintro/gov_poll.csv","https://vincentarelbundock.github.io/Rdatasets/doc/openintro/gov_poll.html"
"83","openintro","gpa","Survey of Duke students on GPA, studying, and more",55,5,1,0,1,0,4,"https://vincentarelbundock.github.io/Rdatasets/csv/openintro/gpa.csv","https://vincentarelbundock.github.io/Rdatasets/doc/openintro/gpa.html"
"84","openintro","gpa_iq","Sample of students and their GPA and IQ",78,5,1,0,0,0,5,"https://vincentarelbundock.github.io/Rdatasets/csv/openintro/gpa_iq.csv","https://vincentarelbundock.github.io/Rdatasets/doc/openintro/gpa_iq.html"
"85","openintro","gpa_study_hours","gpa_study_hours",193,2,0,0,0,0,2,"https://vincentarelbundock.github.io/Rdatasets/csv/openintro/gpa_study_hours.csv","https://vincentarelbundock.github.io/Rdatasets/doc/openintro/gpa_study_hours.html"
"86","openintro","gradestv","Simulated data for analyzing the relationship between watching TV and grades",25,2,0,0,0,0,2,"https://vincentarelbundock.github.io/Rdatasets/csv/openintro/gradestv.csv","https://vincentarelbundock.github.io/Rdatasets/doc/openintro/gradestv.html"
"87","openintro","gsearch","Simulated Google search experiment",10000,2,1,0,2,0,0,"https://vincentarelbundock.github.io/Rdatasets/csv/openintro/gsearch.csv","https://vincentarelbundock.github.io/Rdatasets/doc/openintro/gsearch.html"
"88","openintro","gss2010","2010 General Social Survey",2044,5,1,0,2,0,3,"https://vincentarelbundock.github.io/Rdatasets/csv/openintro/gss2010.csv","https://vincentarelbundock.github.io/Rdatasets/doc/openintro/gss2010.html"
"89","openintro","health_coverage","Health Coverage and Health Status",20000,2,1,0,2,0,0,"https://vincentarelbundock.github.io/Rdatasets/csv/openintro/health_coverage.csv","https://vincentarelbundock.github.io/Rdatasets/doc/openintro/health_coverage.html"
"90","openintro","healthcare_law_survey","Pew Research Center poll on health care, including question variants",1503,2,1,0,2,0,0,"https://vincentarelbundock.github.io/Rdatasets/csv/openintro/healthcare_law_survey.csv","https://vincentarelbundock.github.io/Rdatasets/doc/openintro/healthcare_law_survey.html"
"91","openintro","heart_transplant","Heart Transplant Data",103,8,3,0,3,0,5,"https://vincentarelbundock.github.io/Rdatasets/csv/openintro/heart_transplant.csv","https://vincentarelbundock.github.io/Rdatasets/doc/openintro/heart_transplant.html"
"92","openintro","helium","Helium football",39,3,0,0,0,0,3,"https://vincentarelbundock.github.io/Rdatasets/csv/openintro/helium.csv","https://vincentarelbundock.github.io/Rdatasets/doc/openintro/helium.html"
"93","openintro","helmet","Socioeconomic status and reduced-fee school lunches",12,2,0,0,0,0,2,"https://vincentarelbundock.github.io/Rdatasets/csv/openintro/helmet.csv","https://vincentarelbundock.github.io/Rdatasets/doc/openintro/helmet.html"
"94","openintro","hfi","Human Freedom Index",1458,123,0,3,0,0,120,"https://vincentarelbundock.github.io/Rdatasets/csv/openintro/hfi.csv","https://vincentarelbundock.github.io/Rdatasets/doc/openintro/hfi.html"
"95","openintro","house","United States House of Representatives historical make-up",116,12,0,2,0,0,10,"https://vincentarelbundock.github.io/Rdatasets/csv/openintro/house.csv","https://vincentarelbundock.github.io/Rdatasets/doc/openintro/house.html"
"96","openintro","housing","Simulated data set on student housing",75,1,0,0,0,0,1,"https://vincentarelbundock.github.io/Rdatasets/csv/openintro/housing.csv","https://vincentarelbundock.github.io/Rdatasets/doc/openintro/housing.html"
"97","openintro","hsb2","High School and Beyond survey",200,11,2,2,3,0,6,"https://vincentarelbundock.github.io/Rdatasets/csv/openintro/hsb2.csv","https://vincentarelbundock.github.io/Rdatasets/doc/openintro/hsb2.html"
"98","openintro","husbands_wives","Great Britain: husband and wife pairs",199,7,0,0,0,0,7,"https://vincentarelbundock.github.io/Rdatasets/csv/openintro/husbands_wives.csv","https://vincentarelbundock.github.io/Rdatasets/doc/openintro/husbands_wives.html"
"99","openintro","immigration","Poll on illegal workers in the US",910,2,0,0,2,0,0,"https://vincentarelbundock.github.io/Rdatasets/csv/openintro/immigration.csv","https://vincentarelbundock.github.io/Rdatasets/doc/openintro/immigration.html"
"100","openintro","IMSCOL","Introduction to Modern Statistics (IMS) Colors",8,13,0,13,0,0,0,"https://vincentarelbundock.github.io/Rdatasets/csv/openintro/IMSCOL.csv","https://vincentarelbundock.github.io/Rdatasets/doc/openintro/IMSCOL.html"
"101","openintro","infmortrate","Infant Mortality Rates, 2012",222,2,0,0,1,0,1,"https://vincentarelbundock.github.io/Rdatasets/csv/openintro/infmortrate.csv","https://vincentarelbundock.github.io/Rdatasets/doc/openintro/infmortrate.html"
"102","openintro","ipo","Facebook, Google, and LinkedIn IPO filings",1,1,0,1,0,0,0,"https://vincentarelbundock.github.io/Rdatasets/csv/openintro/ipo.csv","https://vincentarelbundock.github.io/Rdatasets/doc/openintro/ipo.html"
"103","openintro","ipod","Length of songs on an iPod",3000,1,0,0,0,0,1,"https://vincentarelbundock.github.io/Rdatasets/csv/openintro/ipod.csv","https://vincentarelbundock.github.io/Rdatasets/doc/openintro/ipod.html"
"104","openintro","jury","Simulated juror data set",275,1,0,0,1,0,0,"https://vincentarelbundock.github.io/Rdatasets/csv/openintro/jury.csv","https://vincentarelbundock.github.io/Rdatasets/doc/openintro/jury.html"
"105","openintro","kobe_basket","Kobe Bryant basketball performance",133,6,1,1,4,0,1,"https://vincentarelbundock.github.io/Rdatasets/csv/openintro/kobe_basket.csv","https://vincentarelbundock.github.io/Rdatasets/doc/openintro/kobe_basket.html"
"106","openintro","labor_market_discrimination","Are Emily and Greg More Employable Than Lakisha and Jamal?",4870,63,37,8,0,0,55,"https://vincentarelbundock.github.io/Rdatasets/csv/openintro/labor_market_discrimination.csv","https://vincentarelbundock.github.io/Rdatasets/doc/openintro/labor_market_discrimination.html"
"107","openintro","law_resume","Gender, Socioeconomic Class, and Interview Invites",316,3,3,3,0,0,0,"https://vincentarelbundock.github.io/Rdatasets/csv/openintro/law_resume.csv","https://vincentarelbundock.github.io/Rdatasets/doc/openintro/law_resume.html"
"108","openintro","leg_mari","Legalization of Marijuana Support in 2010 California Survey",119,1,1,0,1,0,0,"https://vincentarelbundock.github.io/Rdatasets/csv/openintro/leg_mari.csv","https://vincentarelbundock.github.io/Rdatasets/doc/openintro/leg_mari.html"
"109","openintro","lizard_habitat","Field data on lizards observed in their natural habitat",332,2,0,0,2,0,0,"https://vincentarelbundock.github.io/Rdatasets/csv/openintro/lizard_habitat.csv","https://vincentarelbundock.github.io/Rdatasets/doc/openintro/lizard_habitat.html"
"110","openintro","lizard_run","Lizard speeds",48,3,2,2,0,0,1,"https://vincentarelbundock.github.io/Rdatasets/csv/openintro/lizard_run.csv","https://vincentarelbundock.github.io/Rdatasets/doc/openintro/lizard_run.html"
"111","openintro","loan50","Loan data from Lending Club",50,18,4,0,6,1,11,"https://vincentarelbundock.github.io/Rdatasets/csv/openintro/loan50.csv","https://vincentarelbundock.github.io/Rdatasets/doc/openintro/loan50.html"
"112","openintro","loans_full_schema","Loan data from Lending Club",10000,55,6,1,12,0,42,"https://vincentarelbundock.github.io/Rdatasets/csv/openintro/loans_full_schema.csv","https://vincentarelbundock.github.io/Rdatasets/doc/openintro/loans_full_schema.html"
"113","openintro","london_boroughs","London Borough Boundaries",45341,3,0,0,1,0,2,"https://vincentarelbundock.github.io/Rdatasets/csv/openintro/london_boroughs.csv","https://vincentarelbundock.github.io/Rdatasets/doc/openintro/london_boroughs.html"
"114","openintro","london_murders","London Murders, 2006-2011",838,5,0,0,2,0,2,"https://vincentarelbundock.github.io/Rdatasets/csv/openintro/london_murders.csv","https://vincentarelbundock.github.io/Rdatasets/doc/openintro/london_murders.html"
"115","openintro","mail_me","Influence of a Good Mood on Helpfulness",42,4,4,0,4,0,0,"https://vincentarelbundock.github.io/Rdatasets/csv/openintro/mail_me.csv","https://vincentarelbundock.github.io/Rdatasets/doc/openintro/mail_me.html"
"116","openintro","major_survey","Survey of Duke students and the area of their major",218,2,0,0,1,0,1,"https://vincentarelbundock.github.io/Rdatasets/csv/openintro/major_survey.csv","https://vincentarelbundock.github.io/Rdatasets/doc/openintro/major_survey.html"
"117","openintro","malaria","Malaria Vaccine Trial",20,2,2,0,2,0,0,"https://vincentarelbundock.github.io/Rdatasets/csv/openintro/malaria.csv","https://vincentarelbundock.github.io/Rdatasets/doc/openintro/malaria.html"
"118","openintro","male_heights","Sample of 100 male heights",100,1,0,0,0,0,1,"https://vincentarelbundock.github.io/Rdatasets/csv/openintro/male_heights.csv","https://vincentarelbundock.github.io/Rdatasets/doc/openintro/male_heights.html"
"119","openintro","male_heights_fcid","Random sample of adult male heights",100,1,0,0,0,0,1,"https://vincentarelbundock.github.io/Rdatasets/csv/openintro/male_heights_fcid.csv","https://vincentarelbundock.github.io/Rdatasets/doc/openintro/male_heights_fcid.html"
"120","openintro","mammals","Sleep in Mammals",62,11,0,0,1,0,10,"https://vincentarelbundock.github.io/Rdatasets/csv/openintro/mammals.csv","https://vincentarelbundock.github.io/Rdatasets/doc/openintro/mammals.html"
"121","openintro","mammogram","Experiment with Mammogram Randomized",89835,2,2,0,2,0,0,"https://vincentarelbundock.github.io/Rdatasets/csv/openintro/mammogram.csv","https://vincentarelbundock.github.io/Rdatasets/doc/openintro/mammogram.html"
"122","openintro","marathon","New York City Marathon Times (outdated)",59,3,1,0,1,0,2,"https://vincentarelbundock.github.io/Rdatasets/csv/openintro/marathon.csv","https://vincentarelbundock.github.io/Rdatasets/doc/openintro/marathon.html"
"123","openintro","mariokart","Wii Mario Kart auctions from Ebay",143,12,2,0,4,0,8,"https://vincentarelbundock.github.io/Rdatasets/csv/openintro/mariokart.csv","https://vincentarelbundock.github.io/Rdatasets/doc/openintro/mariokart.html"
"124","openintro","mcu_films","Marvel Cinematic Universe films",23,7,0,2,0,0,5,"https://vincentarelbundock.github.io/Rdatasets/csv/openintro/mcu_films.csv","https://vincentarelbundock.github.io/Rdatasets/doc/openintro/mcu_films.html"
"125","openintro","midterms_house","President's party performance and unemployment rate",31,5,1,0,2,0,3,"https://vincentarelbundock.github.io/Rdatasets/csv/openintro/midterms_house.csv","https://vincentarelbundock.github.io/Rdatasets/doc/openintro/midterms_house.html"
"126","openintro","migraine","Migraines and acupuncture",89,2,2,0,2,0,0,"https://vincentarelbundock.github.io/Rdatasets/csv/openintro/migraine.csv","https://vincentarelbundock.github.io/Rdatasets/doc/openintro/migraine.html"
"127","openintro","military","US Military Demographics",1414593,6,2,0,4,1,1,"https://vincentarelbundock.github.io/Rdatasets/csv/openintro/military.csv","https://vincentarelbundock.github.io/Rdatasets/doc/openintro/military.html"
"128","openintro","mlb","Salary data for Major League Baseball (2010)",828,4,0,0,3,0,1,"https://vincentarelbundock.github.io/Rdatasets/csv/openintro/mlb.csv","https://vincentarelbundock.github.io/Rdatasets/doc/openintro/mlb.html"
"129","openintro","mlb_players_18","Batter Statistics for 2018 Major League Baseball (MLB) Season",1270,19,0,3,0,0,16,"https://vincentarelbundock.github.io/Rdatasets/csv/openintro/mlb_players_18.csv","https://vincentarelbundock.github.io/Rdatasets/doc/openintro/mlb_players_18.html"
"130","openintro","mlb_teams","Major League Baseball Teams Data.",2784,41,1,8,0,0,33,"https://vincentarelbundock.github.io/Rdatasets/csv/openintro/mlb_teams.csv","https://vincentarelbundock.github.io/Rdatasets/doc/openintro/mlb_teams.html"
"131","openintro","mlbbat10","Major League Baseball Player Hitting Statistics for 2010",1199,19,0,0,3,0,16,"https://vincentarelbundock.github.io/Rdatasets/csv/openintro/mlbbat10.csv","https://vincentarelbundock.github.io/Rdatasets/doc/openintro/mlbbat10.html"
"132","openintro","mn_police_use_of_force","Minneapolis police use of force data.",12925,13,2,12,0,0,1,"https://vincentarelbundock.github.io/Rdatasets/csv/openintro/mn_police_use_of_force.csv","https://vincentarelbundock.github.io/Rdatasets/doc/openintro/mn_police_use_of_force.html"
"133","openintro","mtl","Medial temporal lobe (MTL) and other data for 26 participants",35,23,4,4,0,0,19,"https://vincentarelbundock.github.io/Rdatasets/csv/openintro/mtl.csv","https://vincentarelbundock.github.io/Rdatasets/doc/openintro/mtl.html"
"134","openintro","murders","Data for 20 metropolitan areas",20,4,0,0,0,0,4,"https://vincentarelbundock.github.io/Rdatasets/csv/openintro/murders.csv","https://vincentarelbundock.github.io/Rdatasets/doc/openintro/murders.html"
"135","openintro","nba_heights","NBA Player heights from 2008-9",435,4,0,2,0,0,2,"https://vincentarelbundock.github.io/Rdatasets/csv/openintro/nba_heights.csv","https://vincentarelbundock.github.io/Rdatasets/doc/openintro/nba_heights.html"
"136","openintro","nba_players_19","NBA Players for the 2018-2019 season",494,7,0,6,0,0,1,"https://vincentarelbundock.github.io/Rdatasets/csv/openintro/nba_players_19.csv","https://vincentarelbundock.github.io/Rdatasets/doc/openintro/nba_players_19.html"
"137","openintro","ncbirths","North Carolina births, 1000 cases",1000,13,7,0,7,0,6,"https://vincentarelbundock.github.io/Rdatasets/csv/openintro/ncbirths.csv","https://vincentarelbundock.github.io/Rdatasets/doc/openintro/ncbirths.html"
"138","openintro","nuclear_survey","Nuclear Arms Reduction Survey",1028,1,1,0,1,0,0,"https://vincentarelbundock.github.io/Rdatasets/csv/openintro/nuclear_survey.csv","https://vincentarelbundock.github.io/Rdatasets/doc/openintro/nuclear_survey.html"
"139","openintro","nyc_marathon","New York City Marathon Times",102,7,1,4,0,0,2,"https://vincentarelbundock.github.io/Rdatasets/csv/openintro/nyc_marathon.csv","https://vincentarelbundock.github.io/Rdatasets/doc/openintro/nyc_marathon.html"
"140","openintro","nycflights","Flights data",32735,16,0,4,0,0,12,"https://vincentarelbundock.github.io/Rdatasets/csv/openintro/nycflights.csv","https://vincentarelbundock.github.io/Rdatasets/doc/openintro/nycflights.html"
"141","openintro","offshore_drilling","California poll on drilling off the California coast",828,2,0,0,2,0,0,"https://vincentarelbundock.github.io/Rdatasets/csv/openintro/offshore_drilling.csv","https://vincentarelbundock.github.io/Rdatasets/doc/openintro/offshore_drilling.html"
"142","openintro","openintro_colors","OpenIntro colors",8,1,0,1,0,0,0,"https://vincentarelbundock.github.io/Rdatasets/csv/openintro/openintro_colors.csv","https://vincentarelbundock.github.io/Rdatasets/doc/openintro/openintro_colors.html"
"143","openintro","openintro_palettes","OpenIntro palettes",1,1,0,1,0,0,0,"https://vincentarelbundock.github.io/Rdatasets/csv/openintro/openintro_palettes.csv","https://vincentarelbundock.github.io/Rdatasets/doc/openintro/openintro_palettes.html"
"144","openintro","opportunity_cost","Opportunity cost of purchases",150,2,2,0,2,0,0,"https://vincentarelbundock.github.io/Rdatasets/csv/openintro/opportunity_cost.csv","https://vincentarelbundock.github.io/Rdatasets/doc/openintro/opportunity_cost.html"
"145","openintro","orings","1986 Challenger disaster and O-rings",23,4,0,0,0,0,4,"https://vincentarelbundock.github.io/Rdatasets/csv/openintro/orings.csv","https://vincentarelbundock.github.io/Rdatasets/doc/openintro/orings.html"
"146","openintro","oscars","Oscar winners, 1929 to 2018",184,11,1,4,0,0,6,"https://vincentarelbundock.github.io/Rdatasets/csv/openintro/oscars.csv","https://vincentarelbundock.github.io/Rdatasets/doc/openintro/oscars.html"
"147","openintro","outliers","Simulated data sets for different types of outliers",50,5,0,0,0,0,5,"https://vincentarelbundock.github.io/Rdatasets/csv/openintro/outliers.csv","https://vincentarelbundock.github.io/Rdatasets/doc/openintro/outliers.html"
"148","openintro","penelope","Guesses at the weight of Penelope (a cow)",17184,1,0,0,0,0,1,"https://vincentarelbundock.github.io/Rdatasets/csv/openintro/penelope.csv","https://vincentarelbundock.github.io/Rdatasets/doc/openintro/penelope.html"
"149","openintro","penetrating_oil","What's the best way to loosen a rusty bolt?",30,2,0,1,0,0,1,"https://vincentarelbundock.github.io/Rdatasets/csv/openintro/penetrating_oil.csv","https://vincentarelbundock.github.io/Rdatasets/doc/openintro/penetrating_oil.html"
"150","openintro","penny_ages","Penny Ages",648,2,0,0,0,0,2,"https://vincentarelbundock.github.io/Rdatasets/csv/openintro/penny_ages.csv","https://vincentarelbundock.github.io/Rdatasets/doc/openintro/penny_ages.html"
"151","openintro","pew_energy_2018","Pew Survey on Energy Sources in 2018",2541,6,6,6,0,0,0,"https://vincentarelbundock.github.io/Rdatasets/csv/openintro/pew_energy_2018.csv","https://vincentarelbundock.github.io/Rdatasets/doc/openintro/pew_energy_2018.html"
"152","openintro","photo_classify","Photo classifications: fashion or not",1822,2,2,0,2,0,0,"https://vincentarelbundock.github.io/Rdatasets/csv/openintro/photo_classify.csv","https://vincentarelbundock.github.io/Rdatasets/doc/openintro/photo_classify.html"
"153","openintro","piracy","Piracy and PIPA/SOPA",534,8,1,1,4,0,3,"https://vincentarelbundock.github.io/Rdatasets/csv/openintro/piracy.csv","https://vincentarelbundock.github.io/Rdatasets/doc/openintro/piracy.html"
"154","openintro","playing_cards","Table of Playing Cards in 52-Card Deck",52,3,1,1,2,0,0,"https://vincentarelbundock.github.io/Rdatasets/csv/openintro/playing_cards.csv","https://vincentarelbundock.github.io/Rdatasets/doc/openintro/playing_cards.html"
"155","openintro","pm25_2011_durham","Air quality for Durham, NC",449,20,3,0,8,0,12,"https://vincentarelbundock.github.io/Rdatasets/csv/openintro/pm25_2011_durham.csv","https://vincentarelbundock.github.io/Rdatasets/doc/openintro/pm25_2011_durham.html"
"156","openintro","poker","Poker winnings during 50 sessions",50,1,0,0,0,0,1,"https://vincentarelbundock.github.io/Rdatasets/csv/openintro/poker.csv","https://vincentarelbundock.github.io/Rdatasets/doc/openintro/poker.html"
"157","openintro","possum","Possums in Australia and New Guinea",104,8,2,0,2,0,6,"https://vincentarelbundock.github.io/Rdatasets/csv/openintro/possum.csv","https://vincentarelbundock.github.io/Rdatasets/doc/openintro/possum.html"
"158","openintro","ppp_201503","US Poll on who it is better to raise taxes on",691,2,0,0,2,0,0,"https://vincentarelbundock.github.io/Rdatasets/csv/openintro/ppp_201503.csv","https://vincentarelbundock.github.io/Rdatasets/doc/openintro/ppp_201503.html"
"159","openintro","present","Birth counts",63,3,0,0,0,0,3,"https://vincentarelbundock.github.io/Rdatasets/csv/openintro/present.csv","https://vincentarelbundock.github.io/Rdatasets/doc/openintro/present.html"
"160","openintro","president","United States Presidental History",67,5,0,0,3,0,2,"https://vincentarelbundock.github.io/Rdatasets/csv/openintro/president.csv","https://vincentarelbundock.github.io/Rdatasets/doc/openintro/president.html"
"161","openintro","prison","Prison isolation experiment",14,6,0,0,0,0,6,"https://vincentarelbundock.github.io/Rdatasets/csv/openintro/prison.csv","https://vincentarelbundock.github.io/Rdatasets/doc/openintro/prison.html"
"162","openintro","prius_mpg","User reported fuel efficiency for 2017 Toyota Prius Prime",19,5,0,1,0,0,3,"https://vincentarelbundock.github.io/Rdatasets/csv/openintro/prius_mpg.csv","https://vincentarelbundock.github.io/Rdatasets/doc/openintro/prius_mpg.html"
"163","openintro","race_justice","Yahoo! News Race and Justice poll results",1059,2,0,0,2,0,0,"https://vincentarelbundock.github.io/Rdatasets/csv/openintro/race_justice.csv","https://vincentarelbundock.github.io/Rdatasets/doc/openintro/race_justice.html"
"164","openintro","reddit_finance","Reddit Survey on Financial Independence.",1998,65,1,29,0,0,36,"https://vincentarelbundock.github.io/Rdatasets/csv/openintro/reddit_finance.csv","https://vincentarelbundock.github.io/Rdatasets/doc/openintro/reddit_finance.html"
"165","openintro","res_demo_1","Simulated data for regression",100,3,0,0,0,0,3,"https://vincentarelbundock.github.io/Rdatasets/csv/openintro/res_demo_1.csv","https://vincentarelbundock.github.io/Rdatasets/doc/openintro/res_demo_1.html"
"166","openintro","res_demo_2","Simulated data for regression",300,3,0,0,0,0,3,"https://vincentarelbundock.github.io/Rdatasets/csv/openintro/res_demo_2.csv","https://vincentarelbundock.github.io/Rdatasets/doc/openintro/res_demo_2.html"
"167","openintro","resume","Which resume attributes drive job callbacks?",4870,30,21,10,0,0,20,"https://vincentarelbundock.github.io/Rdatasets/csv/openintro/resume.csv","https://vincentarelbundock.github.io/Rdatasets/doc/openintro/resume.html"
"168","openintro","rosling_responses","Sample Responses to Two Public Health Questions",278,3,2,2,0,0,1,"https://vincentarelbundock.github.io/Rdatasets/csv/openintro/rosling_responses.csv","https://vincentarelbundock.github.io/Rdatasets/doc/openintro/rosling_responses.html"
"169","openintro","russian_influence_on_us_election_2016","Russians' Opinions on US Election Influence in 2016",506,1,0,1,0,0,0,"https://vincentarelbundock.github.io/Rdatasets/csv/openintro/russian_influence_on_us_election_2016.csv","https://vincentarelbundock.github.io/Rdatasets/doc/openintro/russian_influence_on_us_election_2016.html"
"170","openintro","sa_gdp_elec","Sustainability and Economic Indicators for South Africa.",16,7,0,0,0,0,7,"https://vincentarelbundock.github.io/Rdatasets/csv/openintro/sa_gdp_elec.csv","https://vincentarelbundock.github.io/Rdatasets/doc/openintro/sa_gdp_elec.html"
"171","openintro","salinity","Salinity in Bimini Lagoon, Bahamas",30,2,0,1,0,0,1,"https://vincentarelbundock.github.io/Rdatasets/csv/openintro/salinity.csv","https://vincentarelbundock.github.io/Rdatasets/doc/openintro/salinity.html"
"172","openintro","sat_improve","Simulated data for SAT score improvement",30,1,0,0,0,0,1,"https://vincentarelbundock.github.io/Rdatasets/csv/openintro/sat_improve.csv","https://vincentarelbundock.github.io/Rdatasets/doc/openintro/sat_improve.html"
"173","openintro","satgpa","SAT and GPA data",1000,6,1,0,0,0,6,"https://vincentarelbundock.github.io/Rdatasets/csv/openintro/satgpa.csv","https://vincentarelbundock.github.io/Rdatasets/doc/openintro/satgpa.html"
"174","openintro","scotus_healthcare","Public Opinion with SCOTUS ruling on American Healthcare Act",1012,1,1,0,1,0,0,"https://vincentarelbundock.github.io/Rdatasets/csv/openintro/scotus_healthcare.csv","https://vincentarelbundock.github.io/Rdatasets/doc/openintro/scotus_healthcare.html"
"175","openintro","seattlepets","Names of pets in Seattle",52519,7,0,6,0,0,0,"https://vincentarelbundock.github.io/Rdatasets/csv/openintro/seattlepets.csv","https://vincentarelbundock.github.io/Rdatasets/doc/openintro/seattlepets.html"
"176","openintro","sex_discrimination","Bank manager recommendations based on sex",48,2,2,0,2,0,0,"https://vincentarelbundock.github.io/Rdatasets/csv/openintro/sex_discrimination.csv","https://vincentarelbundock.github.io/Rdatasets/doc/openintro/sex_discrimination.html"
"177","openintro","simpsons_paradox_covid","Simpson's Paradox: Covid",268166,3,3,3,0,0,0,"https://vincentarelbundock.github.io/Rdatasets/csv/openintro/simpsons_paradox_covid.csv","https://vincentarelbundock.github.io/Rdatasets/doc/openintro/simpsons_paradox_covid.html"
"178","openintro","simulated_dist","Simulated data sets, not necessarily drawn from a normal distribution.",1,1,0,1,0,0,0,"https://vincentarelbundock.github.io/Rdatasets/csv/openintro/simulated_dist.csv","https://vincentarelbundock.github.io/Rdatasets/doc/openintro/simulated_dist.html"
"179","openintro","simulated_normal","Simulated data sets, drawn from a normal distribution.",400,3,0,0,0,0,3,"https://vincentarelbundock.github.io/Rdatasets/csv/openintro/simulated_normal.csv","https://vincentarelbundock.github.io/Rdatasets/doc/openintro/simulated_normal.html"
"180","openintro","simulated_scatter","Simulated data for sample scatterplots",2033,3,0,0,0,0,3,"https://vincentarelbundock.github.io/Rdatasets/csv/openintro/simulated_scatter.csv","https://vincentarelbundock.github.io/Rdatasets/doc/openintro/simulated_scatter.html"
"181","openintro","sinusitis","Sinusitis and antibiotic experiment",166,2,2,0,2,0,0,"https://vincentarelbundock.github.io/Rdatasets/csv/openintro/sinusitis.csv","https://vincentarelbundock.github.io/Rdatasets/doc/openintro/sinusitis.html"
"182","openintro","sleep_deprivation","Survey on sleep deprivation and transportation workers",1087,2,0,0,2,0,0,"https://vincentarelbundock.github.io/Rdatasets/csv/openintro/sleep_deprivation.csv","https://vincentarelbundock.github.io/Rdatasets/doc/openintro/sleep_deprivation.html"
"183","openintro","smallpox","Smallpox vaccine results",6224,2,2,0,2,0,0,"https://vincentarelbundock.github.io/Rdatasets/csv/openintro/smallpox.csv","https://vincentarelbundock.github.io/Rdatasets/doc/openintro/smallpox.html"
"184","openintro","smoking","UK Smoking Data",1691,12,2,0,9,0,3,"https://vincentarelbundock.github.io/Rdatasets/csv/openintro/smoking.csv","https://vincentarelbundock.github.io/Rdatasets/doc/openintro/smoking.html"
"185","openintro","snowfall","Snowfall at Paradise, Mt. Rainier National Park",100,3,0,0,0,0,3,"https://vincentarelbundock.github.io/Rdatasets/csv/openintro/snowfall.csv","https://vincentarelbundock.github.io/Rdatasets/doc/openintro/snowfall.html"
"186","openintro","socialexp","Social experiment",45,2,2,0,2,0,0,"https://vincentarelbundock.github.io/Rdatasets/csv/openintro/socialexp.csv","https://vincentarelbundock.github.io/Rdatasets/doc/openintro/socialexp.html"
"187","openintro","solar","Energy Output From Two Solar Arrays in San Francisco",284,3,1,1,0,0,1,"https://vincentarelbundock.github.io/Rdatasets/csv/openintro/solar.csv","https://vincentarelbundock.github.io/Rdatasets/doc/openintro/solar.html"
"188","openintro","sowc_child_mortality","SOWC Child Mortality Data.",195,18,0,2,0,0,16,"https://vincentarelbundock.github.io/Rdatasets/csv/openintro/sowc_child_mortality.csv","https://vincentarelbundock.github.io/Rdatasets/doc/openintro/sowc_child_mortality.html"
"189","openintro","sowc_demographics","SOWC Demographics Data.",202,18,0,1,0,0,17,"https://vincentarelbundock.github.io/Rdatasets/csv/openintro/sowc_demographics.csv","https://vincentarelbundock.github.io/Rdatasets/doc/openintro/sowc_demographics.html"
"190","openintro","sowc_maternal_newborn","SOWC Maternal and Newborn Health Data.",202,18,0,1,0,0,17,"https://vincentarelbundock.github.io/Rdatasets/csv/openintro/sowc_maternal_newborn.csv","https://vincentarelbundock.github.io/Rdatasets/doc/openintro/sowc_maternal_newborn.html"
"191","openintro","sp500","Financial information for 50 S&P 500 companies",50,12,0,0,1,0,11,"https://vincentarelbundock.github.io/Rdatasets/csv/openintro/sp500.csv","https://vincentarelbundock.github.io/Rdatasets/doc/openintro/sp500.html"
"192","openintro","sp500_1950_2018","Daily observations for the S&P 500",17346,7,0,0,1,0,6,"https://vincentarelbundock.github.io/Rdatasets/csv/openintro/sp500_1950_2018.csv","https://vincentarelbundock.github.io/Rdatasets/doc/openintro/sp500_1950_2018.html"
"193","openintro","sp500_seq","S&P 500 stock data",2948,1,0,0,1,0,0,"https://vincentarelbundock.github.io/Rdatasets/csv/openintro/sp500_seq.csv","https://vincentarelbundock.github.io/Rdatasets/doc/openintro/sp500_seq.html"
"194","openintro","speed_gender_height","Speed, gender, and height of 1325 students",1325,3,1,0,1,0,2,"https://vincentarelbundock.github.io/Rdatasets/csv/openintro/speed_gender_height.csv","https://vincentarelbundock.github.io/Rdatasets/doc/openintro/speed_gender_height.html"
"195","openintro","ssd_speed","SSD read and write speeds",54,7,1,3,0,0,4,"https://vincentarelbundock.github.io/Rdatasets/csv/openintro/ssd_speed.csv","https://vincentarelbundock.github.io/Rdatasets/doc/openintro/ssd_speed.html"
"196","openintro","starbucks","Starbucks nutrition",77,7,0,1,1,0,5,"https://vincentarelbundock.github.io/Rdatasets/csv/openintro/starbucks.csv","https://vincentarelbundock.github.io/Rdatasets/doc/openintro/starbucks.html"
"197","openintro","stats_scores","Final exam scores for twenty students",20,1,0,0,0,0,1,"https://vincentarelbundock.github.io/Rdatasets/csv/openintro/stats_scores.csv","https://vincentarelbundock.github.io/Rdatasets/doc/openintro/stats_scores.html"
"198","openintro","stem_cell","Embryonic stem cells to treat heart attack (in sheep)",18,3,1,0,1,0,2,"https://vincentarelbundock.github.io/Rdatasets/csv/openintro/stem_cell.csv","https://vincentarelbundock.github.io/Rdatasets/doc/openintro/stem_cell.html"
"199","openintro","stent30","Stents for the treatment of stroke",451,2,2,0,2,0,0,"https://vincentarelbundock.github.io/Rdatasets/csv/openintro/stent30.csv","https://vincentarelbundock.github.io/Rdatasets/doc/openintro/stent30.html"
"200","openintro","stent365","Stents for the treatment of stroke",451,2,2,0,2,0,0,"https://vincentarelbundock.github.io/Rdatasets/csv/openintro/stent365.csv","https://vincentarelbundock.github.io/Rdatasets/doc/openintro/stent365.html"
"201","openintro","stocks_18","Monthly Returns for a few stocks",36,4,0,0,0,0,3,"https://vincentarelbundock.github.io/Rdatasets/csv/openintro/stocks_18.csv","https://vincentarelbundock.github.io/Rdatasets/doc/openintro/stocks_18.html"
"202","openintro","student_housing","Community college housing (simulated data, 2015)",175,1,0,0,0,0,1,"https://vincentarelbundock.github.io/Rdatasets/csv/openintro/student_housing.csv","https://vincentarelbundock.github.io/Rdatasets/doc/openintro/student_housing.html"
"203","openintro","student_sleep","Sleep for 110 students (simulated)",110,1,0,0,0,0,1,"https://vincentarelbundock.github.io/Rdatasets/csv/openintro/student_sleep.csv","https://vincentarelbundock.github.io/Rdatasets/doc/openintro/student_sleep.html"
"204","openintro","sulphinpyrazone","Treating heart attacks",1475,2,2,0,2,0,0,"https://vincentarelbundock.github.io/Rdatasets/csv/openintro/sulphinpyrazone.csv","https://vincentarelbundock.github.io/Rdatasets/doc/openintro/sulphinpyrazone.html"
"205","openintro","supreme_court","Supreme Court approval rating",976,1,1,0,1,0,0,"https://vincentarelbundock.github.io/Rdatasets/csv/openintro/supreme_court.csv","https://vincentarelbundock.github.io/Rdatasets/doc/openintro/supreme_court.html"
"206","openintro","teacher","Teacher Salaries in St. Louis, Michigan",71,8,2,0,3,0,5,"https://vincentarelbundock.github.io/Rdatasets/csv/openintro/teacher.csv","https://vincentarelbundock.github.io/Rdatasets/doc/openintro/teacher.html"
"207","openintro","textbooks","Textbook data for UCLA Bookstore and Amazon",73,7,1,0,4,0,3,"https://vincentarelbundock.github.io/Rdatasets/csv/openintro/textbooks.csv","https://vincentarelbundock.github.io/Rdatasets/doc/openintro/textbooks.html"
"208","openintro","thanksgiving_spend","Thanksgiving spending, simulated based on Gallup poll.",436,1,0,0,0,0,1,"https://vincentarelbundock.github.io/Rdatasets/csv/openintro/thanksgiving_spend.csv","https://vincentarelbundock.github.io/Rdatasets/doc/openintro/thanksgiving_spend.html"
"209","openintro","tips","Tip data",95,5,1,0,1,0,4,"https://vincentarelbundock.github.io/Rdatasets/csv/openintro/tips.csv","https://vincentarelbundock.github.io/Rdatasets/doc/openintro/tips.html"
"210","openintro","toohey","Simulated polling data set",500,1,1,0,1,0,0,"https://vincentarelbundock.github.io/Rdatasets/csv/openintro/toohey.csv","https://vincentarelbundock.github.io/Rdatasets/doc/openintro/toohey.html"
"211","openintro","tourism","Turkey tourism",47,3,0,0,0,0,3,"https://vincentarelbundock.github.io/Rdatasets/csv/openintro/tourism.csv","https://vincentarelbundock.github.io/Rdatasets/doc/openintro/tourism.html"
"212","openintro","toy_anova","Simulated data set for ANOVA",140,2,0,1,0,0,1,"https://vincentarelbundock.github.io/Rdatasets/csv/openintro/toy_anova.csv","https://vincentarelbundock.github.io/Rdatasets/doc/openintro/toy_anova.html"
"213","openintro","transplant","Transplant consultant success rate (fake data)",62,1,1,0,1,0,0,"https://vincentarelbundock.github.io/Rdatasets/csv/openintro/transplant.csv","https://vincentarelbundock.github.io/Rdatasets/doc/openintro/transplant.html"
"214","openintro","ucla_f18","UCLA courses in Fall 2018",3950,14,7,5,0,7,2,"https://vincentarelbundock.github.io/Rdatasets/csv/openintro/ucla_f18.csv","https://vincentarelbundock.github.io/Rdatasets/doc/openintro/ucla_f18.html"
"215","openintro","ucla_textbooks_f18","Sample of UCLA course textbooks for Fall 2018",201,20,2,1,6,7,6,"https://vincentarelbundock.github.io/Rdatasets/csv/openintro/ucla_textbooks_f18.csv","https://vincentarelbundock.github.io/Rdatasets/doc/openintro/ucla_textbooks_f18.html"
"216","openintro","ukdemo","United Kingdom Demographic Data",12,6,0,0,1,0,5,"https://vincentarelbundock.github.io/Rdatasets/csv/openintro/ukdemo.csv","https://vincentarelbundock.github.io/Rdatasets/doc/openintro/ukdemo.html"
"217","openintro","unempl","Annual unemployment since 1890",121,3,1,0,0,0,3,"https://vincentarelbundock.github.io/Rdatasets/csv/openintro/unempl.csv","https://vincentarelbundock.github.io/Rdatasets/doc/openintro/unempl.html"
"218","openintro","unemploy_pres","President's party performance and unemployment rate",29,5,1,0,2,0,3,"https://vincentarelbundock.github.io/Rdatasets/csv/openintro/unemploy_pres.csv","https://vincentarelbundock.github.io/Rdatasets/doc/openintro/unemploy_pres.html"
"219","openintro","winery_cars","Time Between Gondola Cars at Sterling Winery",52,2,0,0,0,0,2,"https://vincentarelbundock.github.io/Rdatasets/csv/openintro/winery_cars.csv","https://vincentarelbundock.github.io/Rdatasets/doc/openintro/winery_cars.html"
"220","openintro","world_pop","World Population Data.",216,62,0,1,0,0,61,"https://vincentarelbundock.github.io/Rdatasets/csv/openintro/world_pop.csv","https://vincentarelbundock.github.io/Rdatasets/doc/openintro/world_pop.html"
"221","openintro","xom","Exxon Mobile stock data",98,7,0,0,1,0,6,"https://vincentarelbundock.github.io/Rdatasets/csv/openintro/xom.csv","https://vincentarelbundock.github.io/Rdatasets/doc/openintro/xom.html"
"222","openintro","yawn","Contagiousness of yawning",50,2,2,0,2,0,0,"https://vincentarelbundock.github.io/Rdatasets/csv/openintro/yawn.csv","https://vincentarelbundock.github.io/Rdatasets/doc/openintro/yawn.html"
"223","openintro","yrbss","Youth Risk Behavior Surveillance System (YRBSS)",13583,13,2,8,0,0,5,"https://vincentarelbundock.github.io/Rdatasets/csv/openintro/yrbss.csv","https://vincentarelbundock.github.io/Rdatasets/doc/openintro/yrbss.html"
"224","openintro","yrbss_samp","Sample of Youth Risk Behavior Surveillance System (YRBSS)",100,13,2,8,0,0,5,"https://vincentarelbundock.github.io/Rdatasets/csv/openintro/yrbss_samp.csv","https://vincentarelbundock.github.io/Rdatasets/doc/openintro/yrbss_samp.html"
